timestamp,solar_irradiance,wind_speed,demand
2020-01-01 00:00:00,14.90142459033698,6.769504422230148,34.16802337911405
2020-01-01 01:00:00,101.16174676717786,1.8988905038537522,36.039502848984974
2020-01-01 02:00:00,222.87332737418768,2.9768328000695785,31.758724829295517
2020-01-01 03:00:00,333.40228051276773,8.37579832526183,26.367465746090343
2020-01-01 04:00:00,345.34844175821223,7.111203881971193,38.0284376965906
2020-01-01 05:00:00,385.99695191436496,6.3852781825997,36.9153490925992
2020-01-01 06:00:00,454.2617269275556,7.046084832663483,42.35266925075915
2020-01-01 07:00:00,416.0441024974276,8.01610713610627,53.10395365533381
2020-01-01 08:00:00,338.2888114218638,5.936176018599674,61.53992982077693
2020-01-01 09:00:00,303.9881861281059,5.468451748867313,60.27849144523866
2020-01-01 10:00:00,189.54014044679303,8.02170202398216,65.85843424828411
2020-01-01 11:00:00,91.3377831952058,5.192372144540403,76.0037163604233
2020-01-01 12:00:00,7.258868146981073,8.752682696855057,70.69441598478254
2020-01-01 13:00:00,-57.398407339733936,3.556156563478699,83.18054913246031
2020-01-01 14:00:00,-51.747534975390984,10.452274334885926,72.31819831549743
2020-01-01 15:00:00,-16.86862587722918,9.113345358610744,58.688827841468026
2020-01-01 16:00:00,-30.384933610032714,8.609689841809105,68.08097729081196
2020-01-01 17:00:00,9.427419977858216,10.449116856047276,62.07792548597224
2020-01-01 18:00:00,-27.240722265636325,12.16368611115644,61.79727823402249
2020-01-01 19:00:00,-42.36911104005875,10.528314558728816,53.53804031790814
2020-01-01 20:00:00,43.96946306764662,3.3674299276953032,44.303472739589076
2020-01-01 21:00:00,-6.773289014596069,4.732909235738882,34.05064238011152
2020-01-01 22:00:00,2.0258461406377153,6.31733879733262,34.98488165139727
2020-01-01 23:00:00,-42.742445586403704,7.877843199600385,28.599023214823077
2020-01-02 00:00:00,-16.33148173575548,9.026198358741684,28.123082341422478
2020-01-02 01:00:00,110.41888319273984,5.82394455569432,33.2871081383305
2020-01-02 02:00:00,172.35451500188006,7.9990057974306525,39.37522211220312
2020-01-02 03:00:00,303.84955502411447,5.525756231489789,34.99706568965359
2020-01-02 04:00:00,340.31499685801117,5.756780711893208,30.222665182320583
2020-01-02 05:00:00,390.9190074813898,3.630500130581537,42.56722945732816
2020-01-02 06:00:00,395.71744628221643,4.6919168847227395,51.1509926474053
2020-01-02 07:00:00,455.23816551045627,3.4660250094405645,47.295301594630544
2020-01-02 08:00:00,357.92924081343733,4.244357154208005,54.85051118491328
2020-01-02 09:00:00,260.8472866050673,9.15174258172464,60.417657089873444
2020-01-02 10:00:00,231.5606696876448,3.9737991332540026,60.561860174547206
2020-01-02 11:00:00,70.46589600231331,12.755266647588794,70.90612636113552
2020-01-02 12:00:00,6.265907850142713,7.233294752202223,69.05799189896992
2020-01-02 13:00:00,-58.79010371639327,6.287778823741869,72.4418783357626
2020-01-02 14:00:00,-39.845581466952915,3.506809194213106,65.22527175299832
2020-01-02 15:00:00,5.905837076073706,7.233136608317437,65.47743269029918
2020-01-02 16:00:00,22.153997399862313,3.8768651477542284,68.09825852909727
2020-01-02 17:00:00,5.141048435699115,5.459788013132005,58.480050355768626
2020-01-02 18:00:00,-3.469448471647216,11.400211345671988,64.1554162744449
2020-01-02 19:00:00,-9.033110867678664,4.612697377986283,48.346035188154445
2020-01-02 20:00:00,-44.355659711022824,7.587608096341112,46.291258842936486
2020-01-02 21:00:00,-21.59532625184126,2.8278453748121875,45.007170275592905
2020-01-02 22:00:00,-13.819163128793624,4.38043988751964,29.11025182783135
2020-01-02 23:00:00,31.713666786567472,8.788697500510793,24.219663980634806
2020-01-03 00:00:00,10.308548687053843,2.7005315479617047,23.5693985736007
2020-01-03 01:00:00,55.98047457181925,8.718505820919024,36.829117189368446
2020-01-03 02:00:00,220.0464525264946,5.889994597066872,28.43838941698894
2020-01-03 03:00:00,285.8904907565919,2.6619814076861945,45.98668502488503
2020-01-03 04:00:00,343.9840787646914,5.611403841614386,33.552823055214645
2020-01-03 05:00:00,424.66492706700865,6.4389967278833335,41.438953188217724
2020-01-03 06:00:00,451.5778525641801,5.554524905542991,53.050365533021505
2020-01-03 07:00:00,434.25304197526856,0.08204880409036841,60.54666111302815
2020-01-03 08:00:00,339.1152130771911,2.2125415544134124,66.00009545746494
2020-01-03 09:00:00,288.1665878935449,3.449351758543101,66.55802782519825
2020-01-03 10:00:00,220.26183638675766,3.9345311856780674,69.7786449250208
2020-01-03 11:00:00,138.1380330463722,5.739064669803395,70.79933949392722
2020-01-03 12:00:00,-14.375227135358648,4.712201694764258,73.72651857884709
2020-01-03 13:00:00,-5.569769299914514,1.0233350146467632,67.76026809058988
2020-01-03 14:00:00,-33.190049220180846,5.418405741276953,65.74371878090237
2020-01-03 15:00:00,-35.886198722420126,6.1122508008364616,67.81983246086655
2020-01-03 16:00:00,24.37577467182594,6.11390090045452,63.80740918333885
2020-01-03 17:00:00,40.68720085712469,7.554798941184462,58.25005642559616
2020-01-03 18:00:00,-2.1603036474100152,7.08480538637226,59.17451481156653
2020-01-03 19:00:00,30.105986936760726,6.3027136745896915,55.29272271508509
2020-01-03 20:00:00,10.849080751429025,5.140545434702045,45.78185020164137
2020-01-03 21:00:00,-19.353592638153728,1.3299595760049785,47.90384707750885
2020-01-03 22:00:00,10.841868165252418,6.7267491924976035,30.665615477834063
2020-01-03 23:00:00,46.141096993979076,6.344907732412463,32.22739130014518
2020-01-04 00:00:00,-1.0747811732985462,6.678947092988433,27.785396139227807
2020-01-04 01:00:00,157.58987907771348,2.98244004594454,21.3553411826579
2020-01-04 02:00:00,135.16813223777166,3.644655004313204,30.956104313028337
2020-01-04 03:00:00,326.9600526274803,9.1505202235373,32.75877865041801
2020-01-04 04:00:00,372.8554333420519,6.585152402009698,44.113137360502904
2020-01-04 05:00:00,403.9833263855409,8.54898826691296,43.842082690797085
2020-01-04 06:00:00,430.27379401699307,7.070795940326153,40.390709244326764
2020-01-04 07:00:00,353.3264794614902,7.221543221441455,59.95848709969414
2020-01-04 08:00:00,363.6538646597815,9.631284734313073,61.96957364770037
2020-01-04 09:00:00,313.016354641576,6.12410174182966,63.598512785366275
2020-01-04 10:00:00,258.0973067027095,7.772390828590415,63.69773939750499
2020-01-04 11:00:00,95.10246285508401,6.482615866815378,63.21133616009456
2020-01-04 12:00:00,-24.254808086795574,6.645810238988088,68.1455069134493
2020-01-04 13:00:00,-15.052711307536097,7.039685265401701,76.13176736654412
2020-01-04 14:00:00,27.462063531062224,8.434719670656097,79.42947232347761
2020-01-04 15:00:00,9.862533289790534,6.7349800984194435,75.72474998507292
2020-01-04 16:00:00,-15.892806113011165,11.109005819958218,62.38591278282278
2020-01-04 17:00:00,15.398022993400684,5.755871140634731,55.089937101578144
2020-01-04 18:00:00,2.9123264804412115,7.532820889596603,56.568836404629636
2020-01-04 19:00:00,29.059349715986677,6.893061750498053,41.84582744020894
2020-01-04 20:00:00,-21.06159281632057,11.587060216908748,47.1274819368967
2020-01-04 21:00:00,-9.829864397933047,8.423238593857073,39.950011336529855
2020-01-04 22:00:00,-11.763244593964728,10.458996590243405,34.215706134951034
2020-01-04 23:00:00,-43.90544844396356,4.0987146414808695,25.39400085600045
2020-01-05 00:00:00,8.883608311937282,8.399676472242026,34.10913199444168
2020-01-05 01:00:00,120.25900705506749,9.862381077636575,28.19614378906491
2020-01-05 02:00:00,217.34636344676312,7.737798859426518,25.691547283041658
2020-01-05 03:00:00,300.1196153255987,10.077914500036472,19.177828845277446
2020-01-05 04:00:00,333.72811906740105,5.992354094122147,36.579937838390336
2020-01-05 05:00:00,406.9652185335632,10.670521473166044,49.72090597072319
2020-01-05 06:00:00,424.10448399917556,12.747245309048125,53.989563158063405
2020-01-05 07:00:00,395.5162601398754,5.938140122382251,48.57416670444311
2020-01-05 08:00:00,371.3506699789333,5.570283983149411,53.02496858761597
2020-01-05 09:00:00,319.2787550312893,10.151099282999294,63.203519267749584
2020-01-05 10:00:00,273.7785367838052,10.296226719660641,60.00985641516395
2020-01-05 11:00:00,117.6646832746261,4.867161417612147,69.68911556216055
2020-01-05 12:00:00,7.726511721682984,4.949532957260358,74.00856590507927
2020-01-05 13:00:00,-2.2333774729850164,5.121226992353416,76.994314106796
2020-01-05 14:00:00,-57.56313645897124,2.291577367080448,69.67739413075606
2020-01-05 15:00:00,-0.7954162634765063,3.185732043584464,67.1617873121784
2020-01-05 16:00:00,1.806906298230793,2.805607796468491,60.61187067732261
2020-01-05 17:00:00,73.89726337455858,3.235269563758281,56.72524621717517
2020-01-05 18:00:00,-5.770828943433676,4.9132877815330485,54.90363442991725
2020-01-05 19:00:00,9.046420270008374,5.438383958639208,52.696475521455355
2020-01-05 20:00:00,-1.0413530911572995,8.590676012662115,50.25119021649031
2020-01-05 21:00:00,-35.06034112858596,2.0899013357799294,36.84375323397274
2020-01-05 22:00:00,34.284684435450615,6.928717109953503,44.18095520844112
2020-01-05 23:00:00,22.557990980603225,3.826723800858246,32.18352190647285
2020-01-06 00:00:00,23.730958411291407,4.14428991830004,31.6056639769508
2020-01-06 01:00:00,86.91986754988376,5.874433156343209,27.29495857873523
2020-01-06 02:00:00,262.7041688175699,1.3138097045224368,19.59129914732827
2020-01-06 03:00:00,269.94874435762057,5.024172712881991,38.13073588059083
2020-01-06 04:00:00,399.73134999289385,4.446515014508224,40.57310083620556
2020-01-06 05:00:00,491.91943620941424,5.238738763836882,39.62437918888328
2020-01-06 06:00:00,411.52458922505326,4.7229216097695454,46.18958965854829
2020-01-06 07:00:00,409.2168355470318,10.145860953593745,53.61071306299485
2020-01-06 08:00:00,385.11517813151505,2.4360345333472937,48.394668592092046
2020-01-06 09:00:00,296.90000661790305,2.7406559599173184,58.385753587742876
2020-01-06 10:00:00,174.10043655750295,2.562763442366271,69.14447599631444
2020-01-06 11:00:00,116.25838043790688,2.798691628026061,62.080077934316876
2020-01-06 12:00:00,-31.86911141178309,2.6744813741648272,71.81732316108886
2020-01-06 13:00:00,14.207772919055447,7.334237239190896,64.24810795135733
2020-01-06 14:00:00,-27.582727027014094,8.01917173373668,72.68168341242335
2020-01-06 15:00:00,46.498032150526186,3.1589207032532154,68.17331763867571
2020-01-06 16:00:00,-23.497598770087112,2.6335358478663506,57.09749351867776
2020-01-06 17:00:00,-9.661845486170268,6.031386018263915,66.85471374676021
2020-01-06 18:00:00,24.405516521090092,3.619442389297569,52.53443999253452
2020-01-06 19:00:00,-36.92592949301866,6.737093020907379,46.97975478940244
2020-01-06 20:00:00,6.823798038123883,5.823267265476911,46.85748205857866
2020-01-06 21:00:00,39.214282628472844,1.6930016223018787,46.77420372161792
2020-01-06 22:00:00,-48.22449703683682,9.521466647991296,31.809772255851414
2020-01-06 23:00:00,5.539015755969126,10.315382697243487,34.01890814802543
2020-01-07 00:00:00,7.796483827452706,4.4680282737890336,34.027646424865026
2020-01-07 01:00:00,139.42715675212418,5.205057585655355,34.667608485309245
2020-01-07 02:00:00,186.93308765352805,7.061959832146118,32.76577169959829
2020-01-07 03:00:00,277.22898356269445,7.353780065172602,32.04643317788815
2020-01-07 04:00:00,403.70969673112234,8.330400968333413,32.921993722018975
2020-01-07 05:00:00,441.72469275102316,11.87074787039727,41.632799864225404
2020-01-07 06:00:00,455.59800347011736,6.557631931264877,40.66500448701508
2020-01-07 07:00:00,443.20859883893684,5.151409761355959,36.595328031520495
2020-01-07 08:00:00,367.6507081152608,3.837277149336759,58.561260371832276
2020-01-07 09:00:00,323.8102928700529,5.586888462518296,65.7217546544245
2020-01-07 10:00:00,232.83378317883094,7.449271454053464,53.52955389501528
2020-01-07 11:00:00,94.54192805801395,12.124698747372452,63.4739350011326
2020-01-07 12:00:00,55.97323533434275,6.4380225599784495,73.61636827980088
2020-01-07 13:00:00,14.214987627353626,8.372085453170548,81.48955779755202
2020-01-07 14:00:00,-35.739104916079455,7.838328001389937,70.62456551315194
2020-01-07 15:00:00,19.69660825901489,10.902834836198346,64.88257381853663
2020-01-07 16:00:00,-29.240450106819644,14.28694657070847,64.42973386720028
2020-01-07 17:00:00,23.612538112273562,6.665217463882689,68.07646254473445
2020-01-07 18:00:00,34.75786737022212,6.776401393704445,53.14864045542127
2020-01-07 19:00:00,-24.620469550551313,10.60279158885617,47.20612041574226
2020-01-07 20:00:00,28.901283877329654,9.674344230090195,43.61198193603296
2020-01-07 21:00:00,12.38342780809495,12.54861996691822,36.435437407699965
2020-01-07 22:00:00,24.6618047998347,9.339205704886727,37.673296405236556
2020-01-07 23:00:00,56.90378947961842,6.914385347105652,42.00496466565256
2020-01-08 00:00:00,-7.361643480086115,9.208687884299652,33.66966756093143
2020-01-08 01:00:00,95.12767739476429,10.410063040035253,30.111020210501213
2020-01-08 02:00:00,200.7703215338872,9.583294339231369,30.595214850773562
2020-01-08 03:00:00,297.19670419535674,8.682398640141342,26.23632560196059
2020-01-08 04:00:00,391.6518718515211,9.952261943345967,41.64620098313749
2020-01-08 05:00:00,449.6453343143082,10.070391848816275,40.983601736068636
2020-01-08 06:00:00,463.21223282520646,10.455397477593818,45.29400725112911
2020-01-08 07:00:00,464.22627254088957,8.467011242455506,67.33832556035695
2020-01-08 08:00:00,394.3549798902815,6.266245085859206,58.04293316501149
2020-01-08 09:00:00,365.2770350590394,6.884422306288349,57.613832470656725
2020-01-08 10:00:00,219.5160494255142,9.363568771604754,63.38313536383589
2020-01-08 11:00:00,199.34483732317767,4.131972308027231,74.4355243428052
2020-01-08 12:00:00,18.770020432950243,6.921683272182257,71.25765629960284
2020-01-08 13:00:00,-25.714726692488476,4.842341483686281,64.18139782954582
2020-01-08 14:00:00,-32.12677494183337,5.724565702003185,75.28744891979004
2020-01-08 15:00:00,14.474172457295559,8.678491566313207,65.35257536912646
2020-01-08 16:00:00,-6.703883559775527,5.793707383398424,74.88141222595134
2020-01-08 17:00:00,21.42001482276276,5.270854846908978,66.77302804970589
2020-01-08 18:00:00,14.197128737206345,1.6003596475502038,54.312559144889306
2020-01-08 19:00:00,-2.184867379706183,6.7184810423659584,57.777869529808214
2020-01-08 20:00:00,-25.40381154205215,6.328135233479612,46.535684371719256
2020-01-08 21:00:00,-45.445416740575936,9.993923245890555,45.63665609674374
2020-01-08 22:00:00,-13.395448562010632,3.6984655263795396,39.654316183874066
2020-01-08 23:00:00,25.69196382970417,4.909571730581863,29.820496370489508
2020-01-09 00:00:00,6.422812323906119,4.891408401708013,29.006822519274134
2020-01-09 01:00:00,82.1306793257388,8.131017625335389,36.692892294548614
2020-01-09 02:00:00,236.05719190839164,3.882375927460802,30.55069502032874
2020-01-09 03:00:00,338.04735926192893,4.765702161847711,32.20433781474406
2020-01-09 04:00:00,373.3485819170553,5.550125768266932,32.6253396861651
2020-01-09 05:00:00,450.6024337355281,4.474133411707404,43.66108353461012
2020-01-09 06:00:00,463.46978981909245,2.8839159636236795,56.67933190080813
2020-01-09 07:00:00,411.70157162224353,4.492835586062278,46.205423635371446
2020-01-09 08:00:00,410.5979258135378,6.714463868625014,56.84056639205701
2020-01-09 09:00:00,343.31137366111085,1.5018600988942121,68.60419098371996
2020-01-09 10:00:00,263.3533014281145,4.453038943795371,65.28701687414518
2020-01-09 11:00:00,151.11690424814566,2.437082388578766,71.12545526358024
2020-01-09 12:00:00,-41.33008103871268,7.2555657647432295,65.54963709168977
2020-01-09 13:00:00,-28.134751197453685,0.5537286494625775,73.68462369268104
2020-01-09 14:00:00,15.451058016259793,3.0706064955830734,69.92588340740143
2020-01-09 15:00:00,15.413578527366264,5.528816125288205,73.7922462607309
2020-01-09 16:00:00,15.451430589181438,8.628234853712767,71.62215408819752
2020-01-09 17:00:00,115.58194471964164,4.688471474615441,74.49090641673588
2020-01-09 18:00:00,17.12671532079501,3.612001183267004,59.61763497476111
2020-01-09 19:00:00,34.06696920541797,9.857656150120073,53.172069789553646
2020-01-09 20:00:00,28.62005290479607,1.6959249623080521,47.33862881247909
2020-01-09 21:00:00,19.54173753917394,0.0,39.77725674258937
2020-01-09 22:00:00,-9.458077339210368,6.752739769799469,39.09337180022032
2020-01-09 23:00:00,22.769076614798024,4.5705529536231575,32.74557308025889
2020-01-10 00:00:00,-23.184756436127152,3.4469179571732154,33.23671979738148
2020-01-10 01:00:00,114.1566310426714,7.945202603743694,38.30091911985457
2020-01-10 02:00:00,219.69772240142237,6.9567981397618555,27.361702089635205
2020-01-10 03:00:00,333.7479541848038,5.107441513363215,40.09181617177123
2020-01-10 04:00:00,475.1876042560888,3.483279289974099,44.15637115478315
2020-01-10 05:00:00,396.53496347033337,9.026379844181761,41.12258880685938
2020-01-10 06:00:00,489.1050633838264,8.625502944896649,35.92727604472139
2020-01-10 07:00:00,404.1714431123962,6.8992132132536295,48.67382150634261
2020-01-10 08:00:00,391.5898912822006,11.902167709492247,63.37428507667073
2020-01-10 09:00:00,363.9602479122351,4.739001646557714,61.598591130320365
2020-01-10 10:00:00,236.18702940915938,3.7182759589261067,60.858555904071174
2020-01-10 11:00:00,88.92884590699262,5.908533913874873,66.50956491136245
2020-01-10 12:00:00,-21.45911127779899,7.618085766680131,75.2345481001189
2020-01-10 13:00:00,20.387932468040276,8.42096419738003,74.44659928282167
2020-01-10 14:00:00,-21.9109989515141,7.276295096930993,69.83678747174767
2020-01-10 15:00:00,6.4937576874592455,8.811990143863879,67.19931745843012
2020-01-10 16:00:00,1.3671551971144136,4.840766945548305,63.89627632032661
2020-01-10 17:00:00,-19.548010428174514,11.60180090636664,57.10088051932226
2020-01-10 18:00:00,64.31832267975977,7.794622054018578,64.9661907912124
2020-01-10 19:00:00,19.017570669540337,10.785628975153811,50.101329095758075
2020-01-10 20:00:00,-60.75427759972821,8.826428871968677,52.622343143891854
2020-01-10 21:00:00,5.593629443082829,9.073734700462596,49.31951170142703
2020-01-10 22:00:00,-19.85359394305164,9.30380344215233,42.562350308823625
2020-01-10 23:00:00,25.57300004388672,8.931886974116585,32.23432180253576
2020-01-11 00:00:00,-23.77562215298102,9.338857707237736,34.58240102433412
2020-01-11 01:00:00,119.5721877187684,10.961185413909064,31.76128906647786
2020-01-11 02:00:00,252.7949603380625,8.023391810491631,28.045241269000435
2020-01-11 03:00:00,362.0539214719589,9.18672295634438,36.183555431351685
2020-01-11 04:00:00,375.6049142601069,7.061235983655012,31.844932518902482
2020-01-11 05:00:00,449.0605095344022,10.747445911325777,47.82066404074026
2020-01-11 06:00:00,461.04232460246897,5.309019244851832,44.382799709890065
2020-01-11 07:00:00,439.49566963241926,11.347587605758436,52.88806537779664
2020-01-11 08:00:00,464.5774336802132,6.58364541004048,58.475087358213564
2020-01-11 09:00:00,348.23071697568395,2.9407003349099186,60.58774222991206
2020-01-11 10:00:00,199.81882333859744,6.667557392610835,68.95787172953976
2020-01-11 11:00:00,150.5501393744188,4.471682341808112,66.82825689100858
2020-01-11 12:00:00,63.664685910379056,8.101608872471811,75.55727011150002
2020-01-11 13:00:00,30.973957816534405,4.194128566248712,65.1523686971987
2020-01-11 14:00:00,-45.5810989786204,4.537245061629186,71.83268152194586
2020-01-11 15:00:00,-14.52702218598754,0.7585100824311306,78.89742016941264
2020-01-11 16:00:00,38.00733447559868,4.185193915225973,61.02274609913552
2020-01-11 17:00:00,-21.230083968563424,0.0,58.493542245808186
2020-01-11 18:00:00,13.314582844386853,1.0402429412856944,59.62818724877744
2020-01-11 19:00:00,23.239021602880104,6.753883767658657,52.78017600813043
2020-01-11 20:00:00,-27.807914147342487,6.678925177254005,48.459036692749834
2020-01-11 21:00:00,-1.7857606818540024,5.649430342089321,44.328202749170764
2020-01-11 22:00:00,-97.23802020207218,2.0504707559390187,40.91373881751034
2020-01-11 23:00:00,-30.731629240028695,4.2424175210670665,40.110258232524785
2020-01-12 00:00:00,-7.577044541794809,4.258942844704704,34.781621757547384
2020-01-12 01:00:00,87.32810290295325,1.291472702945343,30.84475672559348
2020-01-12 02:00:00,289.9932390916729,7.879110512846059,36.09539697891848
2020-01-12 03:00:00,297.9507842193904,6.261554073861042,44.2299465974735
2020-01-12 04:00:00,404.25910983955646,3.477974059401425,37.245740643042375
2020-01-12 05:00:00,469.53884123869085,4.074825201302835,37.17839847533298
2020-01-12 06:00:00,525.2799986194311,4.520957019868881,52.410067443070645
2020-01-12 07:00:00,422.54075938472494,0.0,51.4491391789182
2020-01-12 08:00:00,452.3553570051148,3.4124410376740917,46.364078170666424
2020-01-12 09:00:00,341.162017388797,2.3631877274273663,66.2881533844383
2020-01-12 10:00:00,211.57564044228528,1.6165647336908924,63.516539692647534
2020-01-12 11:00:00,138.62470258979698,3.4846336937118116,68.91888666285415
2020-01-12 12:00:00,5.9717908672041595,8.762165509554926,73.02946317731264
2020-01-12 13:00:00,-18.00650631476384,5.963803064589536,73.00354339758152
2020-01-12 14:00:00,2.0940625497005674,3.039963639305052,74.91682061016276
2020-01-12 15:00:00,-11.559407905852806,6.017243391017299,67.19412122152576
2020-01-12 16:00:00,3.405520357537441,8.212813372091926,68.75870961329755
2020-01-12 17:00:00,19.8639202356314,7.1644313345798265,60.75331161076661
2020-01-12 18:00:00,47.58050448436056,5.149075924800434,60.921478305174126
2020-01-12 19:00:00,-37.134464964805474,3.5374215322546623,55.12788241875146
2020-01-12 20:00:00,63.991001239687996,7.061517997382643,42.19747058641281
2020-01-12 21:00:00,-58.562633985675056,6.466075373349335,47.48095557956135
2020-01-12 22:00:00,-4.5535528510675,7.890686694735469,35.229092149385
2020-01-12 23:00:00,17.649516194537295,7.4136180187096095,38.77082591440315
2020-01-13 00:00:00,8.42975603205098,8.623881788298336,34.73713517126699
2020-01-13 01:00:00,107.82163807976838,4.836223456593891,41.41013351401727
2020-01-13 02:00:00,238.14063509011478,9.640781519419672,31.78336869240103
2020-01-13 03:00:00,330.8215671294236,7.011637101936034,33.15212307376189
2020-01-13 04:00:00,405.6050859686034,11.872192468214491,37.97998147687204
2020-01-13 05:00:00,497.6022817542055,5.12226697825748,40.703316215870274
2020-01-13 06:00:00,499.4790697806176,11.33990950791312,51.04254373770149
2020-01-13 07:00:00,451.3269309857551,7.641929831358712,44.137662087858715
2020-01-13 08:00:00,450.2740249399274,5.657030210336955,52.1271839363603
2020-01-13 09:00:00,354.83058079548687,6.204498977237291,56.880200522145685
2020-01-13 10:00:00,268.77016616600184,6.731220615752154,71.11288871364049
2020-01-13 11:00:00,145.3914889320947,8.698718954582779,78.09279006864006
2020-01-13 12:00:00,-24.869850327662107,9.039139527657628,71.01548556313567
2020-01-13 13:00:00,-16.805431205909088,6.3783655642268515,71.37510651409161
2020-01-13 14:00:00,22.418808153697853,7.81849876091936,71.88799247138893
2020-01-13 15:00:00,18.311107963003945,13.287527549107796,75.34911471877139
2020-01-13 16:00:00,-0.627047818924444,12.288473431276195,61.72458508281974
2020-01-13 17:00:00,3.5198214992634598,9.083198570368571,63.41106004371558
2020-01-13 18:00:00,38.329946873652744,8.0950086954205,62.27158418100422
2020-01-13 19:00:00,-17.7471416650749,8.292467712979146,54.72468597974088
2020-01-13 20:00:00,16.412921435101136,9.503410437850459,47.99074231098497
2020-01-13 21:00:00,-6.065779573016822,5.3748702395821235,47.22444559287736
2020-01-13 22:00:00,-6.530436096816609,7.235943898013456,24.560918041314515
2020-01-13 23:00:00,32.963305559615705,3.6411553893793274,38.28808365200742
2020-01-14 00:00:00,24.762490469640895,8.730108614082075,29.79783271864102
2020-01-14 01:00:00,152.64213007688238,9.256293937834839,23.233563175777213
2020-01-14 02:00:00,286.8989174158198,6.324122730489517,35.62422413190304
2020-01-14 03:00:00,350.9796802545447,11.349180470598174,41.93451231018552
2020-01-14 04:00:00,449.5474220736851,4.221161061867226,37.557349463190086
2020-01-14 05:00:00,469.2784033046215,3.48621567217754,47.15110039607419
2020-01-14 06:00:00,505.19409697703327,7.561129546399931,55.27173804795231
2020-01-14 07:00:00,474.6821143713946,9.46298228001179,58.96129992797974
2020-01-14 08:00:00,431.99871188461776,10.893859515296011,65.76293120896688
2020-01-14 09:00:00,368.20427576866933,5.370427433032697,66.09736511541897
2020-01-14 10:00:00,223.18793270418578,9.043998438912109,66.90603147829842
2020-01-14 11:00:00,191.00845926742718,6.078040311743546,61.69740667626243
2020-01-14 12:00:00,-30.180521444990998,5.568431750147953,70.47493174519113
2020-01-14 13:00:00,-36.42565838363196,8.034838358221371,68.17049468347855
2020-01-14 14:00:00,34.743326205002035,7.283510840699691,82.55995777332994
2020-01-14 15:00:00,23.749880818888077,1.541381517334341,68.82780667358661
2020-01-14 16:00:00,18.723594511564656,9.007310587663405,67.14488731771289
2020-01-14 17:00:00,18.850365277928397,8.604991861887235,65.14415454026184
2020-01-14 18:00:00,-0.3674031854074387,3.436093246226173,57.781120793972185
2020-01-14 19:00:00,-26.917631144574948,5.842355960891431,60.86198286221327
2020-01-14 20:00:00,2.27413674581179,5.949500246333766,44.09709994933684
2020-01-14 21:00:00,-20.31485134536335,5.237470852186673,43.35976493624571
2020-01-14 22:00:00,29.253592002532535,3.0921482291484965,34.53223910783831
2020-01-14 23:00:00,-4.41172144506416,2.6826374915768882,28.4661070282672
2020-01-15 00:00:00,-24.764915903775346,4.204064014952512,30.17617097085408
2020-01-15 01:00:00,120.32216119371998,7.119206974075115,32.36834896591981
2020-01-15 02:00:00,263.4586026515061,5.479615144914263,31.088505302794207
2020-01-15 03:00:00,338.155794520494,3.1416125172065987,31.77091997610382
2020-01-15 04:00:00,410.2005258510556,5.9596312705964465,31.37981000907175
2020-01-15 05:00:00,492.34188389268036,0.0,42.138005088018396
2020-01-15 06:00:00,509.49031517973646,6.871914250930258,39.853550178956446
2020-01-15 07:00:00,469.8229722867891,0.0,56.35381276960988
2020-01-15 08:00:00,420.735988549499,3.1242821404677525,58.1421126178848
2020-01-15 09:00:00,362.0290292253423,1.2689736108565048,55.265775453837215
2020-01-15 10:00:00,207.62812877831766,0.8839110691259187,65.1496231896435
2020-01-15 11:00:00,87.73982321201328,7.089451394373,66.11325899889772
2020-01-15 12:00:00,-21.55332663757302,3.098696189151395,73.46792202903913
2020-01-15 13:00:00,-6.403414551355418,5.227955615748804,79.25578518127759
2020-01-15 14:00:00,9.327226967940138,4.350609666564084,62.49618712871451
2020-01-15 15:00:00,44.26068650848656,5.778388505684706,70.44917142258774
2020-01-15 16:00:00,25.72978869606058,4.906479508277553,65.89500459705962
2020-01-15 17:00:00,-4.798155898902813,1.6453665668264854,65.9102333334142
2020-01-15 18:00:00,-0.5704862370806649,7.4906670486178495,58.795896994400735
2020-01-15 19:00:00,-30.075880939134265,3.920372018615315,48.793686292467775
2020-01-15 20:00:00,-0.555394079771698,1.424504966699284,45.781882370778376
2020-01-15 21:00:00,-8.65975916760415,4.412074007380172,38.573403667144426
2020-01-15 22:00:00,9.681556810142684,9.404603121251906,43.79143302042391
2020-01-15 23:00:00,-24.81692830656969,7.95124286978841,35.33958311883281
2020-01-16 00:00:00,15.58039542723517,5.128369663980342,42.90701847832473
2020-01-16 01:00:00,177.66496568741286,5.301167224699245,32.416277506267946
2020-01-16 02:00:00,251.12882705311532,5.543208727290408,29.859031215007377
2020-01-16 03:00:00,371.81544709413345,11.709508049107145,27.830501536588145
2020-01-16 04:00:00,461.3235505414871,7.638878917230217,29.561747570330375
2020-01-16 05:00:00,479.41027957192557,7.920340641459073,34.798901860313606
2020-01-16 06:00:00,515.5060374679547,9.575708635079602,48.87883392834806
2020-01-16 07:00:00,491.8246657519545,7.744125770268376,55.26320669149072
2020-01-16 08:00:00,443.54951374661874,6.637969854821318,49.9900089672308
2020-01-16 09:00:00,336.5738019155012,6.923338939660644,67.19477314572163
2020-01-16 10:00:00,255.12693673458935,7.353085737702789,64.44641194065481
2020-01-16 11:00:00,146.62274703469916,7.545248497303379,70.77405471095756
2020-01-16 12:00:00,43.53430823385131,9.551124666661325,80.09920124239954
2020-01-16 13:00:00,28.778124782556205,7.942480288591545,77.20377815466871
2020-01-16 14:00:00,64.5954737253467,9.710985434610766,70.69544486159326
2020-01-16 15:00:00,-23.020426886641484,7.73006020230668,65.5841285239534
2020-01-16 16:00:00,26.169619101620345,8.166203481814641,56.10264019242548
2020-01-16 17:00:00,5.500260172150552,2.9968876848532213,59.12381497912895
2020-01-16 18:00:00,65.69408799653017,10.290819186756204,56.840311283253
2020-01-16 19:00:00,-24.248948560654544,8.858610585928473,47.78368393958513
2020-01-16 20:00:00,-25.191655265423282,10.464640780673545,46.88691583782912
2020-01-16 21:00:00,-17.981779363320666,0.6912132070939121,43.10384099013489
2020-01-16 22:00:00,-63.716871729294205,13.100322003523637,37.453166042569705
2020-01-16 23:00:00,-15.77265065042283,7.463641503685367,32.14906059553498
2020-01-17 00:00:00,-22.77397984661094,10.502507849412673,34.409581162858366
2020-01-17 01:00:00,137.905330758099,5.038539270764154,35.094527576653135
2020-01-17 02:00:00,267.94916584943655,9.06402364889439,28.114312415810495
2020-01-17 03:00:00,420.72299146832427,4.780674654438958,42.618978151848665
2020-01-17 04:00:00,474.8561228274156,5.726152817633562,38.24974804365383
2020-01-17 05:00:00,480.5242737857884,11.932231257369068,42.97907244353033
2020-01-17 06:00:00,488.44053301179287,6.523293998091635,51.24951554303846
2020-01-17 07:00:00,512.5889586008557,7.388818706430711,54.0509049851236
2020-01-17 08:00:00,406.7364114712149,8.859209613373231,62.826888400422725
2020-01-17 09:00:00,419.3816292674783,7.756842810136551,64.32044515481522
2020-01-17 10:00:00,293.0796901977604,6.7233436181928035,63.964773079334854
2020-01-17 11:00:00,119.31824760067181,7.086713991660886,72.01285003052536
2020-01-17 12:00:00,-51.39403587272626,12.008538963095683,66.48470981798414
2020-01-17 13:00:00,40.616171224962386,5.681641521920719,73.4276228576887
2020-01-17 14:00:00,-3.4361953575785367,6.155451261453561,72.03719090136515
2020-01-17 15:00:00,37.134489359203855,8.108997899813994,69.16474811813217
2020-01-17 16:00:00,-47.832829763831015,8.07977454574362,66.38427239534239
2020-01-17 17:00:00,-17.981250688613187,8.122339240419564,53.47557910131789
2020-01-17 18:00:00,0.15731099154549497,6.596825555072965,55.3175806921517
2020-01-17 19:00:00,1.4094178129422616,1.9953348454716937,53.34904883451166
2020-01-17 20:00:00,-13.50196414437731,8.79800361137967,48.507725386742685
2020-01-17 21:00:00,18.68549797042496,1.719922955080186,37.746448624176296
2020-01-17 22:00:00,-32.028612881477834,5.22449977685963,45.071227909398644
2020-01-17 23:00:00,-4.271384550638805,2.476006286373627,31.233442012044815
2020-01-18 00:00:00,3.608868951356966,4.10760332594864,38.577981723415206
2020-01-18 01:00:00,150.52855114158353,5.009290451685402,35.18518405592131
2020-01-18 02:00:00,282.33269127392447,4.924007797053868,30.49955917156251
2020-01-18 03:00:00,335.3481959923504,5.122950233010075,44.60525863392168
2020-01-18 04:00:00,406.01454707387006,8.064662666622201,32.93889246404954
2020-01-18 05:00:00,542.5131495242628,5.141446357601459,47.6449831146129
2020-01-18 06:00:00,531.9379102219033,3.389608411773378,52.87574293472737
2020-01-18 07:00:00,481.7282487706109,6.417828524537402,49.69611120117966
2020-01-18 08:00:00,498.57253146161446,7.004060716287183,65.18791964893494
2020-01-18 09:00:00,372.5576977762722,0.9991288095793815,61.79897967356813
2020-01-18 10:00:00,296.36316045317255,5.61411493305283,68.63481601669312
2020-01-18 11:00:00,137.12094056212447,5.940316281703941,71.67132951610776
2020-01-18 12:00:00,61.82243774645968,3.5240404340311424,71.69618506499151
2020-01-18 13:00:00,52.660225273296135,7.800962944701063,77.1032536123618
2020-01-18 14:00:00,-7.468924454372205,4.092772146180722,76.33517237510532
2020-01-18 15:00:00,29.147128528630663,4.899727571305752,61.62706045606076
2020-01-18 16:00:00,19.361278487554426,4.281745219917247,73.7130490846846
2020-01-18 17:00:00,41.05894672597046,4.8917947462515725,54.73675230638452
2020-01-18 18:00:00,-28.947703817403134,2.259312282762,63.388324170321596
2020-01-18 19:00:00,20.58154379995318,1.5546362700328666,58.6827379307008
2020-01-18 20:00:00,31.752734605487632,9.30222237141109,42.41799919343649
2020-01-18 21:00:00,-52.76218459269343,3.364958538999134,40.99514080678996
2020-01-18 22:00:00,-35.497755379973256,3.1742227710253754,33.37855328040226
2020-01-18 23:00:00,-61.176965332803015,0.4422132304953834,34.65409901943044
2020-01-19 00:00:00,-8.082205033336733,4.402595630776242,32.354008670213574
2020-01-19 01:00:00,158.31416853873822,2.8665870019765776,37.11099927827034
2020-01-19 02:00:00,309.3246439013537,10.452334255674774,40.44572382174032
2020-01-19 03:00:00,375.93433843608386,9.042180813561627,42.87060759518465
2020-01-19 04:00:00,506.5597032772422,4.963664423707025,36.25972086030118
2020-01-19 05:00:00,469.09635214190314,12.476326036842163,42.166587248201004
2020-01-19 06:00:00,477.4063914962912,9.454413717478976,39.61912475376848
2020-01-19 07:00:00,508.8329649214513,6.335074413930535,49.1833462844427
2020-01-19 08:00:00,469.2232003782827,1.0370609321891422,63.21333568446134
2020-01-19 09:00:00,372.7306525806678,13.141569993849954,71.2906107346648
2020-01-19 10:00:00,202.23066933727654,4.0581577193289675,61.18308788125499
2020-01-19 11:00:00,134.11429967947586,3.5248072211857533,67.57088339684795
2020-01-19 12:00:00,-39.13408501514553,10.288476887592976,72.39918435791037
2020-01-19 13:00:00,20.090176464901155,13.911996589921484,74.61350241102168
2020-01-19 14:00:00,10.997947382905448,11.340067287848107,68.48319554309678
2020-01-19 15:00:00,-28.19639358982066,9.341624452709034,72.65350991493288
2020-01-19 16:00:00,-15.416007520100806,9.456501360187634,64.98563550530002
2020-01-19 17:00:00,-31.776405656668548,10.12592829313426,63.14043526253225
2020-01-19 18:00:00,-1.8803729181951563,9.897321474466914,61.12049875899256
2020-01-19 19:00:00,28.654269615037148,8.695367956106931,53.24480796597833
2020-01-19 20:00:00,-29.571781390066313,8.230118265904107,45.854386262240396
2020-01-19 21:00:00,15.121395465535333,7.775368832829333,42.66464759729449
2020-01-19 22:00:00,-15.907728551173223,5.994473769405126,38.628746197166016
2020-01-19 23:00:00,-23.786184967870327,7.110927881906367,34.04213339182424
2020-01-20 00:00:00,-3.2109107986367347,3.4996587720804175,32.762732156824256
2020-01-20 01:00:00,107.41329019770004,7.392455021591108,41.36846484846472
2020-01-20 02:00:00,250.89510075840718,5.060611118360663,36.861309709865964
2020-01-20 03:00:00,342.372268140451,4.655240269333671,34.57731933010656
2020-01-20 04:00:00,522.2732776642617,7.73531059725677,42.71786539476386
2020-01-20 05:00:00,517.8370713475497,10.627158588563601,41.706131547161085
2020-01-20 06:00:00,514.0173945978678,9.295791515005785,54.06447128182393
2020-01-20 07:00:00,523.1985621104244,2.918985014423449,55.22343995693161
2020-01-20 08:00:00,459.9616821860452,4.209969945225502,58.015099177970406
2020-01-20 09:00:00,371.6795169321198,8.86956606017558,65.61381362499253
2020-01-20 10:00:00,285.9295809201254,3.89107787148809,59.662983859329586
2020-01-20 11:00:00,161.19579117170053,5.612728610502761,65.06189972708087
2020-01-20 12:00:00,-15.915034428315758,7.3751302475613905,66.72412048972721
2020-01-20 13:00:00,-17.274547219340402,3.4048273773455957,74.08994446975966
2020-01-20 14:00:00,-8.25155091454932,5.916142410031043,81.35632051914794
2020-01-20 15:00:00,-69.05763494206755,2.1472981724994544,81.85223780259307
2020-01-20 16:00:00,-45.455731865956565,3.8125406034706253,70.70762012687587
2020-01-20 17:00:00,41.00622802333574,5.954218311874944,65.87945137066342
2020-01-20 18:00:00,49.34903140503851,1.0175156661708304,49.54632122722786
2020-01-20 19:00:00,-7.471081186691349,5.9540339721989,50.66185999727103
2020-01-20 20:00:00,17.296708891672992,4.665330283310228,44.259929334349536
2020-01-20 21:00:00,9.337504636306083,5.967011323669775,40.270991004685555
2020-01-20 22:00:00,92.36642425365713,5.027696448923692,38.39237427928624
2020-01-20 23:00:00,33.587247343037305,7.7720469863566315,33.694268031766725
2020-01-21 00:00:00,-3.837527744422996,4.58101044905089,24.32174564410341
2020-01-21 01:00:00,111.4766513098959,3.1138705731135685,37.27631250235139
2020-01-21 02:00:00,222.54183482754712,4.426358516008896,28.854529567283315
2020-01-21 03:00:00,388.9813352845054,5.426393420012836,37.412487466630694
2020-01-21 04:00:00,446.236641761929,4.152534669789844,49.76503894678264
2020-01-21 05:00:00,480.3526794484671,4.109089831826216,38.939838263831604
2020-01-21 06:00:00,522.0732623432727,2.2450207804831117,35.708942705981656
2020-01-21 07:00:00,490.5738506279655,2.350358309939139,52.10674011236316
2020-01-21 08:00:00,519.5414131726352,0.52387131447635,64.21794029880698
2020-01-21 09:00:00,409.3266189169722,8.44209020538921,73.32849849286669
2020-01-21 10:00:00,270.49604519577576,1.0109566699499677,61.53114887323258
2020-01-21 11:00:00,184.54118869460962,2.455121431436927,73.34076541363508
2020-01-21 12:00:00,2.321049229428615,2.4719310285081217,70.5287254636448
2020-01-21 13:00:00,-25.83852603984791,6.599006853783116,73.00701945024304
2020-01-21 14:00:00,45.69372231808972,3.7305369180319783,86.07699448263025
2020-01-21 15:00:00,16.16730131053976,7.705141619311231,63.34241765547672
2020-01-21 16:00:00,-31.11738462979369,3.0306982200172485,68.94759515296752
2020-01-21 17:00:00,-5.710160342508246,5.550332532857408,65.87522708059089
2020-01-21 18:00:00,-26.268547601542714,2.911632366850611,64.14207374851087
2020-01-21 19:00:00,-41.48399192893008,10.517636295952085,54.026676989118194
2020-01-21 20:00:00,27.785326425949243,2.3469636657748785,49.90063301723383
2020-01-21 21:00:00,57.282499214103915,6.256913685362535,41.578518384654764
2020-01-21 22:00:00,-41.95702721457424,7.237145846996389,40.74026030425831
2020-01-21 23:00:00,16.889077100717127,6.86018625813343,34.50029176858789
2020-01-22 00:00:00,-19.51927707365481,5.536780852805726,37.48658835240562
2020-01-22 01:00:00,127.19055778483941,5.849759736161758,31.849193748688563
2020-01-22 02:00:00,256.1730908509685,6.456825035281623,36.2642308726363
2020-01-22 03:00:00,361.49688196386114,6.15013308613382,36.23042328479307
2020-01-22 04:00:00,475.9421489704851,9.093738078638621,45.18536105903662
2020-01-22 05:00:00,504.2924208597047,12.37154402745977,43.4402768109643
2020-01-22 06:00:00,556.0035219296644,5.606270537480418,39.655702185821916
2020-01-22 07:00:00,527.7137810685617,3.722645423754397,60.00685293247669
2020-01-22 08:00:00,467.3180587261481,7.0648700984949375,54.34496482664405
2020-01-22 09:00:00,360.1896951930077,13.863486906508886,60.42841373566263
2020-01-22 10:00:00,256.6417686610846,5.522902466313631,64.86107458242022
2020-01-22 11:00:00,164.46605607255313,11.736096102188142,77.88994397044958
2020-01-22 12:00:00,15.02751562873149,11.926302842759977,62.33739088479461
2020-01-22 13:00:00,-29.32665734395653,6.428644969803315,89.38598809720669
2020-01-22 14:00:00,2.979969162876776,9.301842939535002,78.29604600001835
2020-01-22 15:00:00,22.541613701153672,12.00284321039948,72.1339480752413
2020-01-22 16:00:00,-50.082158433641155,7.021796153555696,67.56491104955624
2020-01-22 17:00:00,16.30080577139805,7.483438495927587,65.12501580319501
2020-01-22 18:00:00,-19.8787127683754,6.545797715128391,61.479238472853844
2020-01-22 19:00:00,17.11796005779478,5.455497569451325,56.923323358657015
2020-01-22 20:00:00,-22.897774696275505,6.3464216433594025,51.29888685687357
2020-01-22 21:00:00,-54.146463019935574,4.872000985672498,44.14514883518298
2020-01-22 22:00:00,-48.826273136494876,7.964593912219882,38.56841770363915
2020-01-22 23:00:00,1.4425483998414599,5.887682496426697,35.6203709349504
2020-01-23 00:00:00,7.791675051644456,8.31651558704575,33.5635761348913
2020-01-23 01:00:00,116.32493310185842,3.748564973068923,39.525484546771395
2020-01-23 02:00:00,296.29045501204257,8.3592894667741,37.50590114805901
2020-01-23 03:00:00,342.079194530693,9.4980359663954,21.834182813425898
2020-01-23 04:00:00,478.0254904011567,2.3012361129444363,42.994002321353925
2020-01-23 05:00:00,499.0487422608787,8.082294297321022,44.830315036029944
2020-01-23 06:00:00,534.7102792633781,10.069172481183232,48.58670937815617
2020-01-23 07:00:00,536.8011883932448,3.821133976753378,51.91404179699164
2020-01-23 08:00:00,454.1954834020577,10.865471253745605,64.65357856441655
2020-01-23 09:00:00,380.388130071867,7.565185613620154,68.59426637305036
2020-01-23 10:00:00,307.3214655251546,4.584766715937827,64.13438134704897
2020-01-23 11:00:00,126.14767576929636,6.034888791351058,73.21240357374751
2020-01-23 12:00:00,25.070763361954324,7.395817281304303,68.316866915511
2020-01-23 13:00:00,-33.89120563972854,6.015701993035712,66.95854323849142
2020-01-23 14:00:00,15.894125337458483,6.999593625782066,70.04156446526761
2020-01-23 15:00:00,43.24705861973701,3.18067792709655,75.48910950003864
2020-01-23 16:00:00,-74.14933500381868,5.739361773438855,72.76439491304745
2020-01-23 17:00:00,-23.906857664114305,1.6204772342561644,66.42206116292253
2020-01-23 18:00:00,17.312163815416202,4.721934846628254,62.658493898726476
2020-01-23 19:00:00,-6.091361581289781,2.593078023635929,56.437525498010864
2020-01-23 20:00:00,11.134376201139265,2.8755999241525148,45.47284518427091
2020-01-23 21:00:00,-18.119555601474616,7.6760193756529995,46.01624678580578
2020-01-23 22:00:00,2.5976936241869977,7.19618641524772,43.716546064843534
2020-01-23 23:00:00,-4.670317061762384,5.884541213689964,40.30758263581517
2020-01-24 00:00:00,35.03346184979422,1.537167280749682,40.64093022365158
2020-01-24 01:00:00,152.72533853461312,3.396363301689697,37.55639912806505
2020-01-24 02:00:00,290.4256777034506,7.153359008376149,36.453604403986276
2020-01-24 03:00:00,384.044355383943,4.422440631521628,42.045123007953094
2020-01-24 04:00:00,470.8614939782827,9.828708343929819,39.74013797208348
2020-01-24 05:00:00,528.5166319686051,4.99090520230244,39.605506635921145
2020-01-24 06:00:00,572.4287599537381,4.480122791225079,48.0231641702905
2020-01-24 07:00:00,528.8638431785859,3.234819443310254,50.29036666802749
2020-01-24 08:00:00,494.18292640735,4.364236755931289,55.81536941923824
2020-01-24 09:00:00,458.6626883269802,3.6869737564705067,63.29228653848214
2020-01-24 10:00:00,306.4313389441453,5.890886450149656,64.19491591079087
2020-01-24 11:00:00,135.31200727054167,6.579140217913161,69.79558031955328
2020-01-24 12:00:00,36.03641766491842,2.302975541161248,63.865323083072155
2020-01-24 13:00:00,-12.242261190646541,1.0336135275275762,75.08134842892441
2020-01-24 14:00:00,-61.143736055335616,0.0,73.3394237946522
2020-01-24 15:00:00,-30.242589327522122,5.855764754908265,67.24994481240755
2020-01-24 16:00:00,-56.12375763077567,1.9560082651922466,71.4532438579527
2020-01-24 17:00:00,-10.54540452123926,0.0,68.70273058019252
2020-01-24 18:00:00,0.552551375686551,5.9714465113274136,51.15346147226528
2020-01-24 19:00:00,50.29311936825848,11.387262270100578,50.201255999228664
2020-01-24 20:00:00,9.80782121292488,5.3007824344989265,44.99278724107283
2020-01-24 21:00:00,-6.573015864265927,7.578588845924056,39.315364386515405
2020-01-24 22:00:00,24.882167435504677,5.857277041035055,44.02011847798752
2020-01-24 23:00:00,-66.33405927023655,5.578464381526813,35.725241122506944
2020-01-25 00:00:00,7.068436743256978,8.297691207469418,33.530845293788744
2020-01-25 01:00:00,169.84463379801744,5.448625125023694,24.152624204089403
2020-01-25 02:00:00,239.08113314906808,7.015777140513607,38.03050965138793
2020-01-25 03:00:00,435.15550396075287,7.321882605695075,30.65513597616704
2020-01-25 04:00:00,501.0851570020544,5.013814152543711,40.32946355372386
2020-01-25 05:00:00,535.1029232289294,9.325342397322698,45.55882071591413
2020-01-25 06:00:00,585.8608970281152,6.562600608261468,55.79884810326601
2020-01-25 07:00:00,615.6823463800854,5.257789973969978,47.62783403052761
2020-01-25 08:00:00,496.38625242897695,8.626849828299072,44.25075614906945
2020-01-25 09:00:00,408.2895002535551,5.168043607895496,65.09118374989164
2020-01-25 10:00:00,269.657893536256,7.602541779660777,77.31662755740838
2020-01-25 11:00:00,121.22334689746485,7.615506596967466,77.68717586650911
2020-01-25 12:00:00,24.91007449632744,10.44678972214782,74.53874962827766
2020-01-25 13:00:00,-25.682514777266018,8.999361156273178,71.71375509796293
2020-01-25 14:00:00,2.146987116581774,7.816817844708957,77.52606553509108
2020-01-25 15:00:00,-14.329723402953501,9.97626740057885,66.6247131032896
2020-01-25 16:00:00,14.369394772391756,11.445134378567698,70.6958604966352
2020-01-25 17:00:00,10.009863158608448,9.386915162063147,66.69928682195629
2020-01-25 18:00:00,31.126198327736976,8.025881549608451,64.64936646566798
2020-01-25 19:00:00,-15.300491965642411,4.7127988153080915,67.97023622067856
2020-01-25 20:00:00,-8.096248058801137,5.306831348335987,50.9576349599666
2020-01-25 21:00:00,-29.36291147346922,7.168789891691467,41.62711789758568
2020-01-25 22:00:00,-13.328797802283347,6.355604736173604,39.901928841432245
2020-01-25 23:00:00,11.319014791345566,7.345187316609687,28.00604842598881
2020-01-26 00:00:00,22.709658499360557,7.873675619811642,31.535673744277652
2020-01-26 01:00:00,120.66688455871162,8.96253597446981,32.281343734938794
2020-01-26 02:00:00,312.64329611325604,7.35584194109023,32.38879741004998
2020-01-26 03:00:00,445.919270728542,8.630467671938604,37.76902220998415
2020-01-26 04:00:00,508.73107152510124,7.446761256398376,36.07352063986236
2020-01-26 05:00:00,609.8858536251759,2.2084864568174245,49.93290926212667
2020-01-26 06:00:00,549.8965610470652,4.651661515453117,49.15241034804489
2020-01-26 07:00:00,516.2423381490913,6.485017634177353,54.28125431981124
2020-01-26 08:00:00,442.966416961262,3.6598034295485786,57.86466324499013
2020-01-26 09:00:00,450.131464309069,8.017459915195552,65.1037093447992
2020-01-26 10:00:00,306.18608820070796,10.174173436193108,72.59538287257342
2020-01-26 11:00:00,146.6643041567269,9.221216114738615,67.31261292263856
2020-01-26 12:00:00,8.39905878959468,5.466392822674491,70.35569000590938
2020-01-26 13:00:00,-33.764671418951295,9.552503856629565,72.80912578162098
2020-01-26 14:00:00,73.37255938850478,6.0243722876714365,66.9169178339196
2020-01-26 15:00:00,3.876635459256825,4.639646981999868,67.5519747025856
2020-01-26 16:00:00,3.2818438381467865,3.782453054496311,66.08878718151196
2020-01-26 17:00:00,21.772998716960757,4.398589260298294,68.69970182906795
2020-01-26 18:00:00,14.430276952101396,4.029557953646933,60.816943472564354
2020-01-26 19:00:00,6.716520728373941,5.2788876832366345,55.295705482342036
2020-01-26 20:00:00,-23.71423366335936,5.115859733251593,53.405864834293766
2020-01-26 21:00:00,14.14405071407987,4.593401488010453,43.64089698350733
2020-01-26 22:00:00,56.46073489425101,5.5602565381279225,42.13794455141781
2020-01-26 23:00:00,40.36260138464933,7.338311598387868,36.49113908515306
2020-01-27 00:00:00,47.79559879918191,6.641834531034432,36.49058863862088
2020-01-27 01:00:00,134.59526383454656,0.4751395048019429,31.568500129346198
2020-01-27 02:00:00,259.9577237403247,0.0,22.969691100240595
2020-01-27 03:00:00,405.8475077002003,6.403948125520047,36.490389530783816
2020-01-27 04:00:00,503.35310754994515,0.6131877479370291,47.45389847417286
2020-01-27 05:00:00,592.3785949848003,3.4456970990848004,49.11337042861207
2020-01-27 06:00:00,528.5177978047196,1.074717434851601,54.13289993830955
2020-01-27 07:00:00,605.4393590144903,0.0,60.6629470264352
2020-01-27 08:00:00,496.94112322391476,5.384041314487554,60.10196227426171
2020-01-27 09:00:00,396.81468320476716,5.966036248178479,65.46887195443209
2020-01-27 10:00:00,259.28273709027707,2.6793387566113864,65.53616956396331
2020-01-27 11:00:00,100.28603397150917,0.0,70.22243721295763
2020-01-27 12:00:00,24.695117518857508,2.9023380717999148,76.87966569204117
2020-01-27 13:00:00,2.1995390156521166,5.341205924928388,80.50171560324819
2020-01-27 14:00:00,-38.698826992231616,0.7706321918267163,73.10357856478048
2020-01-27 15:00:00,-38.852363161908485,5.044186237074795,69.55185516883583
2020-01-27 16:00:00,-10.073540978703846,4.67615015769443,68.62706883541804
2020-01-27 17:00:00,50.07064575868179,6.301075876300624,67.48832716204969
2020-01-27 18:00:00,-7.7877405409081435,5.298950921035374,52.43940023878682
2020-01-27 19:00:00,-45.09428859354318,2.7220911243147126,43.00138865171792
2020-01-27 20:00:00,-7.37229192257833,8.307388467509874,46.55322826789579
2020-01-27 21:00:00,-8.181707092430115,5.086037977227527,38.37873128783332
2020-01-27 22:00:00,-80.90659928824715,5.5844422958913125,37.799456805436606
2020-01-27 23:00:00,-1.6288459955343662,3.4925186168216786,36.42288374762798
2020-01-28 00:00:00,-6.928035906260339,4.89179437202122,33.05074413813208
2020-01-28 01:00:00,172.40406437424713,3.962304700428056,41.89784038138224
2020-01-28 02:00:00,348.17873702893047,5.914931205525291,36.950710006258745
2020-01-28 03:00:00,447.7514793515586,10.796909290560885,38.81736643139388
2020-01-28 04:00:00,498.92202501034154,3.2542874293229413,43.60440280551457
2020-01-28 05:00:00,532.2766246327203,2.8113330287895257,38.941337120124665
2020-01-28 06:00:00,662.6209024586362,10.67792581873401,54.65468074407944
2020-01-28 07:00:00,567.2489549154051,6.623843679822425,54.25668127635121
2020-01-28 08:00:00,507.4065644843749,5.612893372723283,63.16428669728498
2020-01-28 09:00:00,413.23077585182574,10.013975280863288,59.276216543827736
2020-01-28 10:00:00,298.65259700360576,6.0180500368957865,61.008844502679146
2020-01-28 11:00:00,147.18706107212645,12.203328372445323,76.04545907484243
2020-01-28 12:00:00,-17.20986020640702,9.426865485917054,75.83606686529745
2020-01-28 13:00:00,-16.405768237211763,6.5928370537090455,70.12524493724096
2020-01-28 14:00:00,-0.9825981064799516,13.272655774735576,69.6057038284364
2020-01-28 15:00:00,-16.30274313401295,6.417564345069789,77.58318470679114
2020-01-28 16:00:00,-21.385373480314932,9.824853936047685,62.830578868422826
2020-01-28 17:00:00,3.192906830756905,8.74062084719972,72.84886747530834
2020-01-28 18:00:00,-7.649316522625658,11.254353223496995,55.30877993783958
2020-01-28 19:00:00,45.11978965748066,11.896167388000622,57.82746233707042
2020-01-28 20:00:00,-79.52909425179035,8.049625878688834,47.81602942823318
2020-01-28 21:00:00,32.745205557673856,6.048306976712677,47.65143986444022
2020-01-28 22:00:00,37.382555774928875,9.02931559891961,37.7727970747266
2020-01-28 23:00:00,-62.20170697224448,6.1183271496930365,36.50103010297826
2020-01-29 00:00:00,-10.280627822410462,12.76551892638544,35.67341775235513
2020-01-29 01:00:00,141.94656620394704,7.979642416284826,29.77640112225052
2020-01-29 02:00:00,253.52141718162306,6.618785007957695,39.17294360247715
2020-01-29 03:00:00,394.91458973863297,7.87591432703537,34.90076249311119
2020-01-29 04:00:00,478.9311530264208,3.9177594955488346,39.50220320072684
2020-01-29 05:00:00,623.9069958528886,4.7181177764254745,39.81559152811532
2020-01-29 06:00:00,619.5638878407392,10.001034769861066,36.79928920513092
2020-01-29 07:00:00,609.4855354000047,5.203000826052916,53.83219958815704
2020-01-29 08:00:00,533.8985903116928,4.066762829946498,72.02679641127287
2020-01-29 09:00:00,384.37753722984235,7.859269971523271,68.710359840648
2020-01-29 10:00:00,280.0111600347645,9.311556741991357,68.83317212621687
2020-01-29 11:00:00,167.7710290206585,7.971694762158005,70.7933923308053
2020-01-29 12:00:00,-36.66383426675829,8.490119214514552,74.21818439099948
2020-01-29 13:00:00,21.389952905171643,3.933700793081033,77.52293397703393
2020-01-29 14:00:00,-7.20976194474405,2.098176977811535,68.20179085039501
2020-01-29 15:00:00,-11.244624226487925,9.235696039683685,77.67945495019102
2020-01-29 16:00:00,21.328799046104745,4.509260116243335,72.50638060209505
2020-01-29 17:00:00,13.327899344581192,4.527680935380985,68.37826702969755
2020-01-29 18:00:00,-10.828984974572398,8.320485354622637,62.156097997256936
2020-01-29 19:00:00,34.77989410092744,6.243422150799554,54.88542168962783
2020-01-29 20:00:00,-32.43189982799692,5.85414421083094,52.97526367894158
2020-01-29 21:00:00,18.47806820832791,9.998292299879616,47.746409069864775
2020-01-29 22:00:00,17.793037739051513,2.8591155378116815,38.87499922272181
2020-01-29 23:00:00,-9.286393179419708,6.681296231625115,34.59882146098461
2020-01-30 00:00:00,9.78399066726354,4.410482004673835,36.12852045212834
2020-01-30 01:00:00,117.11361730440007,4.858865123084838,42.68285625907571
2020-01-30 02:00:00,326.47592060820244,7.941785824459515,29.4237035975489
2020-01-30 03:00:00,416.9564643422246,5.337737738145922,30.279621097148805
2020-01-30 04:00:00,501.7773389806753,5.376124691599666,41.61942408405141
2020-01-30 05:00:00,608.62082980658,6.688878947091014,45.19219401087987
2020-01-30 06:00:00,576.3799093477081,3.0876181761427866,50.6280829214014
2020-01-30 07:00:00,534.8967141405666,1.9095864354689933,56.157521491142276
2020-01-30 08:00:00,470.7601543905294,1.418361508922997,58.99812513047616
2020-01-30 09:00:00,440.68382697588345,0.0,72.38707269461018
2020-01-30 10:00:00,260.3422294571069,9.26113258327899,61.07537123294814
2020-01-30 11:00:00,207.29085005549027,1.429363511622487,68.1157784533873
2020-01-30 12:00:00,-62.457882236511594,3.7148151334666917,73.73999822663589
2020-01-30 13:00:00,50.89369104870114,3.669662661699711,66.72181144582893
2020-01-30 14:00:00,6.330524016078552,5.236427858284789,73.37700000522078
2020-01-30 15:00:00,-2.9013933561117717,6.625129468975137,80.56561440592864
2020-01-30 16:00:00,-16.347572604268493,6.865608501526282,69.18432356681053
2020-01-30 17:00:00,11.974083430562125,3.395153530875544,66.09126003019318
2020-01-30 18:00:00,-1.129041072745451,4.582195715533962,53.81331257778729
2020-01-30 19:00:00,33.099056460495646,5.86121335273935,51.855948461402384
2020-01-30 20:00:00,3.4268294598611893,4.694231897889778,47.88539269792969
2020-01-30 21:00:00,4.5090528438563275,9.500725849844933,43.349180017818604
2020-01-30 22:00:00,-10.908366366415676,6.880141023761757,47.203838852887664
2020-01-30 23:00:00,-1.7083687116320236,7.662882979629226,40.40570272953663
